BEGIN TRANSACTION;
INSERT INTO ATENDENTES (
        nome_atendente,
        endereco_atendente,
        salario_atendente,
        email_atendente
    )
VALUES (
        'Paula Silva',
        'Rua Claudino Huber',
        1500,
        'paula@seuemail.com'
    ),
    (
        'Denize Figueiredo',
        'Rua Santa Fe',
        1500,
        'denize@seuemail.com'
    ),
    (
        'Jennifer Barbosa',
        'Rua LI',
        1500,
        'jennifer@seuemail.com'
    ),
    (
        'Icaro Melchior',
        'Rua Nova Brasilia',
        1500,
        'icaro@seuemail.com'
    ),
    (
        'Bruno Souza',
        'Rua Claudino Huber',
        1500,
        'bruno@seuemail.com'
    ),
    (
        'Lucas Passos',
        'Rua LI',
        1500,
        'lucas@seuemail.com'
    ),
    (
        'Vinicius Nichetti',
        'Rua Santa Fe',
        1500,
        'vinicius@seuemail.com'
    ),
    (
        'Adriano Machado',
        'Rua LI',
        1500,
        'adriano@seuemail.com'
    ),
    (
        'Debora Lima',
        'Rua Claudino Huber',
        1500,
        'debora@seuemail.com'
    ),
    (
        'Adriana Rocha',
        'Rua Santa Fe',
        1500,
        'adriana@seuemail.com'
    );
INSERT INTO CLIENTES (
        nome_cliente,
        telefone_cliente,
        cpf_cliente,
        endereco_cliente,
        email_cliente
    )
VALUES (
        'Denize Bassi',
        '(47)988184372',
        '348.607.088-28',
        'Rua Manoel Coimbra',
        'denize.f.bassi@gmail.com'
    ),
    (
        'Ana Laura Oliveira',
        '(47) 3737-9246',
        '270.664.560-80',
        'Rua Manoel Nunes',
        'analau.oliv@hotmail.com'
    ),
    (
        'Nina Moraes',
        '(49) 2333-5176',
        '740.087.960-02',
        'Rua Marcos Antonio Ribeiro',
        'nina.moraess@gmail.com'
    ),
    (
        'Paulo Ribeiro',
        '(49) 3855-6524',
        '706.863.020-01',
        'Rua Margarida Ribeiro de Jesus',
        'paulo.rib@hotmail.com'
    ),
    (
        'Erick Sales',
        '(47) 3011-3101',
        '321.355.700-52',
        'Rua Maria do Nascimento dos Santos',
        'rick.sales@hotmail.com'
    ),
    (
        'Daniel Teixeira',
        '(47) 2604-5170',
        '376.119.690-30',
        'Servidão Marieta Branco',
        'dani.teixeira@hotmail.com'
    ),
    (
        'Pietra Campos',
        '(48) 2007-7647',
        '219.393.230-10',
        'Rua Max Rogério de Azevedo',
        'pietra.campos@gmail.com'
    ),
    (
        'Cauã Lima',
        '(49) 3025-4483',
        '579.098.090-26',
        'Rua Mário Faustino',
        'lima.caua@hotmail.com'
    ),
    (
        'Davi Lucas da Cunha',
        '(49) 2310-7621',
        '616.476.430-07',
        'Rua Nicolau Copérnico',
        'daviluccunha@gmail.com'
    ),
    (
        'Isis Cunha',
        '(49) 3551-3643',
        '260.287.050-12',
        'Rua Nilson Ramos Martins',
        'isis.cunha.g@gmail.com'
    ),
    (
        'Henrique Moraes',
        '(47) 3572-5667',
        '979.311.750-85',
        'Rua Olyntho Vila Mesquita',
        'henriqmoraes@gmail.com'
    ),
    (
        'Ana Sophia Freitas',
        '(49) 2113-6533',
        '512.633.030-64',
        'Rua Orlando Ribeiro Schmidt',
        'anasophi.frei@gmail.com'
    ),
    (
        'Vitor Gabriel Nascimento',
        '(48) 2272-2134',
        '512.623.030-64',
        'Rua Osvaldo Aranha',
        'vitorgab.n@hotmail.com'
    ),
    (
        'Levi Moreira',
        '(47) 2536-0128',
        '512.633.030-65',
        'Rua Otacília Heinzen Marcon',
        'levimoreira@gmail.com'
    ),
    (
        'Yuri Araújo',
        '(49) 2793-6164',
        '100.902.140-17',
        'Rua Padre Agostinho Reis',
        'araujo.yuri@gmail.com'
    ),
    (
        'Mariane Nunes',
        '(49) 3792-1031',
        '100.902.940-17',
        'Rua Pedro Alves de Assumpção',
        'marinunes@hotmail.com'
    ),
    (
        'Olivia da Paz',
        '(48) 2310-9956',
        '295.688.050-01',
        'Rua Pedro Borges',
        'dapaz.olivia@hotmail.com'
    ),
    (
        'Bruno Novaes',
        '(49) 2476-9181',
        '430.633.340-06',
        'Rua Salustiano Neto',
        'brunonovaess@gmail.com'
    ),
    (
        'Pietra Viana',
        '(49) 2259-3869',
        '806.974.820-60',
        'Avenida Santa Catarina',
        'viana.pietra@hotmail.com'
    ),
    (
        'Cauã Fernandes',
        '(49) 3484-9665',
        '806.974.820-65',
        'Avenida Santa Catarina',
        'fernand.caua@gmail.com'
    ),
    (
        'João Pedro Moura',
        '(47) 3986-1712',
        '249.814.580-02',
        'Avenida Santa Catarina',
        'jpmouraa@gmail.com'
    ),
    (
        'Ian Ribeiro',
        '(49) 3258-1127',
        '709.995.630-25',
        'Avenida Santa Catarina',
        'ianribribeiro@hotmail.com'
    ),
    (
        'Cauã Gomes',
        '(49) 2021-2882',
        '469.178.140-40',
        'Avenida Santa Catarina',
        'cauaaagomes@gmail.com'
    ),
    (
        'Maria Vitória Alves',
        '(47) 2746-5166',
        '935.715.930-49',
        'Rua Santa Catarina',
        'marivi.alves@hotmail.com'
    ),
    (
        'Diego das Neves',
        '(49) 3721-6016',
        '226.350.477-22',
        'Rua Santo Antônio',
        'neves.diego@gmail.com'
    ),
    (
        'Vicente Silva',
        '(48) 3285-1812',
        '226.350.470-22',
        'Rua Antonio Marini Netto',
        'vincentesilva@gmail.com'
    ),
    (
        'Ana Correia',
        '(49) 3603-7557',
        '073.758.420-35',
        'Rua Antônio Caldas',
        'correia.ana@hotmail.com'
    ),
    (
        'Danilo Nascimento',
        '(48) 2538-7365',
        '161.392.190-00',
        'Rua Antônio Conselheiro',
        'danilo.nasci@gmail.com'
    ),
    (
        'Yuri Silveira',
        '(47) 2185-5380',
        '077.455.750-87',
        'Rua Antônio de Oliveira Waltrick',
        'silveira_yuri@hotmail.com'
    ),
    (
        'Maria Cecília Pereira',
        '(47) 3556-9347',
        '872.686.380-43',
        'Rua Anália Matos Klaumann',
        'maricepereira@gmail.com'
    ),
    (
        'Daniel Silveira',
        '(48) 2326-6997',
        '437.789.480-32',
        'Rua Artur Azevedo',
        'danisilveiraa@gmail.com'
    ),
    (
        'Isaac Oliveira',
        '(47) 2174-5176',
        '239.234.050-14',
        'Rua Cecília Langaro',
        'isaac.oliv@hotmail.com'
    ),
    (
        'Lara Nunes',
        '(47) 2913-4390',
        '051.752.960-27',
        'Rua Doutor Aujor Luz',
        'nunes.lara@hotmail.com'
    ),
    (
        'Mariane Alves',
        '(49) 3935-1376',
        '023.106.690-90',
        'Rua Doutor Aujor Luz',
        'marialves@gmail.com'
    ),
    (
        'Luiz Gustavo Barbosa',
        '(48) 3169-9661',
        '023.186.690-90',
        'Rua Elterbio Allegretti',
        'luizgubarb@gmail.com'
    ),
    (
        'Rodrigo Pereira',
        '(47) 2216-8126',
        '388.391.990-04',
        'Rua Erica Basso',
        'rdgpereira@hotmail.com'
    ),
    (
        'Julia da Mata',
        '(47) 2116-4333',
        '713.093.280-56',
        'Rua Estudante Deivid Pereira Santos',
        'damata.juju@gmail.com'
    ),
    (
        'Isis Moreira',
        '(48) 2342-0742',
        '030.648.410-25',
        'Rua Francisco Braga',
        'moreira.isis@gmail.com'
    ),
    (
        'Sabrina Rodrigues',
        '(49) 2468-2157',
        '277.054.770-28',
        'Rua Francisco Lima e Silva',
        'sabrinarodrig@gmail.com'
    ),
    (
        'Catarina Nogueira',
        '(48) 2480-5546',
        '277.054.270-28',
        'Rua Frei Nicodemus',
        'catarina.nog@hotmail.com'
    ),
    (
        'Rodrigo Lima',
        '(49) 2411-3922',
        '991.538.211-33',
        'Rua Gomes Freire',
        'rodglima@gmail.com'
    ),
    (
        'Felipe Lima',
        '(48) 2362-5485',
        '591.538.210-33',
        'Rua Joaci Ribeiro',
        'fplima@hotmail.com'
    ),
    (
        'Ana Carolina Alves',
        '(49) 3517-0515',
        '991.538.210-37',
        'Rua José Antunes de Oliveira',
        'anacarol.alves@gmail.com'
    ),
    (
        'Heitor Moreira',
        '(47) 3350-6405',
        '991.538.210-33',
        'Rua José Kuchnier',
        'heitormoreira@gmail.com'
    ),
    (
        'Milena Fogaça',
        '(49) 3531-8437',
        '347.761.350-35',
        'Rua José Maria Freitas',
        'mi.fogaca@gmail.com'
    ),
    (
        'Thales Araújo',
        '(49) 3554-5524',
        '110.900.430-31',
        'Rua João Eduardo de Godoy',
        'thales_araujo@gmail.com'
    ),
    (
        'Emilly Moura',
        '(48) 3138-5113',
        '794.653.170-20',
        'Rua Lacerda Coutinho',
        'emi.moura@gmail.com'
    ),
    (
        'Valentina Campos',
        '(47) 2993-2171',
        '541.277.370-26',
        'Rua Leonor Guedes',
        'valent.campos@gmail.com'
    ),
    (
        'Leandro Martins',
        '(49) 2230-2512',
        '776.806.090-39',
        'Rua Levi Carneiro',
        'leandrin.mart@gmail.com'
    ),
    (
        'Fernanda Cavalcanti',
        '(47) 3383-8198',
        '709.534.020-02',
        'Rua Lúcio Cardoso',
        'fe.cavalcanti@gmail.com'
    ),
    (
        'Lavínia da Rosa',
        '(49) 2467-0161',
        '056.399.400-26',
        'Rua São Luiz Gonzaga',
        'darosa.lavi@gmail.com'
    ),
    (
        'João Miguel Nunes',
        '(47) 3333-1452',
        '307.020.380-91',
        'Rua Sérgio Antunes de Oliveira',
        'jmnunes@hotmail.com'
    ),
    (
        'Enzo Almeida',
        '(49) 3763-4655',
        '530.985.990-06',
        'Rua Vicente Celestino',
        'enzo_almeida@gmail.com'
    ),
    (
        'Lucas Gabriel Lima',
        '(49) 2137-0914',
        '457.031.430-98',
        'Rua Ângelo da Silva Mota',
        'gabilucas.lima@gmail.com'
    ),
    (
        'Anthony da Rocha',
        '(47) 3556-2568',
        '022.033.871-17',
        'Rua dos Carijós',
        'thonydarocha@gmail.com'
    ),
    (
        'Gustavo Aragão',
        '(47) 3763-1661',
        '022.033.870-17',
        'Rua Arlindo Nogueira',
        'gu.aragao@gmail.com'
    ),
    (
        'Isabel Costa',
        '(49) 2744-1303',
        '292.629.100-02',
        'Rua Cristiano Olsen',
        'isacosta@hotmail.com'
    ),
    (
        'Thiago Silva',
        '(49) 2752-1931',
        '535.590.140-93',
        'Rua Frederico Moura',
        'silva.thiago@gmail.com'
    ),
    (
        'Ana Vitória Ramos',
        '(49) 2850-6351',
        '737.347.560-49',
        'Rua das Fiandeiras',
        'anavi.ramos@hotmail.com'
    ),
    (
        'Isabelly Araújo',
        '(49) 3562-8331',
        '426.036.400-62',
        'Avenida Afonso Pena',
        'isaaraujo.belly@gmail.com'
    ),
    (
        'Maria Eduarda Bresiani',
        '(47) 3933-7624',
        '372.999.020-95',
        'Avenida Tocantins',
        'bresianiduda@gmail.com'
    ),
    (
        'Oscar Nascimento',
        '(49) 2616-8665',
        '851.528.920-22',
        'Avenida Governador José Malcher',
        'oscnasciment@gmail.com'
    ),
    (
        'Danilo Gispiela',
        '(49) 2147-1755',
        '331.585.200-60',
        'Praça da República',
        'gispiela.danilo@gmail.com'
    ),
    (
        'Melissa Sales',
        '(49) 2646-5988',
        '831.549.510-08',
        'Rua Tenente-Coronel Cardoso',
        'melmelsales@gmail.com'
    ),
    (
        'Elisa Barros',
        '(49) 3848-2242',
        '158.917.870-08',
        'Rodovia Raposo Tavares',
        'barroselisa@hotmail.com'
    ),
    (
        'Felipe Santos',
        '(47) 3045-8059',
        '279.184.398-66',
        'Rua Barão de Vitória',
        'felp.santos@gmail.com'
    ),
    (
        'Luiz Miguel Azevedo',
        '(47) 2879-6518',
        '279.184.390-66',
        'Rua Pereira Estéfano',
        'lumigazevedo@gmail.com'
    ),
    (
        'Allan Ribeiro',
        '(49) 3632-2475',
        '812.078.770-69',
        'Avenida Rio Branco',
        'allan.ribpat@hotmail.com'
    ),
    (
        'Matheus Armando',
        '(49) 3646-8580',
        '679.499.180-20',
        'Rua Carlos Augusto Cornelsen',
        'mat.armando@gmail.com'
    ),
    (
        'Agatha Pires',
        '(49) 2178-1214',
        '143.593.990-57',
        'Rua das Fiandeiras',
        'agathapires@gmail.com'
    ),
    (
        'Nicolas Rocha',
        '(47) 3154-1540',
        '918.476.010-91',
        'Avenida Almirante Maximiano Fonseca',
        'nicrocha@gmail.com'
    ),
    (
        'Mirella Castro',
        '(48) 3210-2101',
        '918.476.010-90',
        'Rua 36',
        'mi.castro@hotmail.com'
    ),
    (
        'João Pedro Araújo',
        '(49) 3177-2241',
        '404.874.420-83',
        'Rua Pau Brasil',
        'jparaujo@hotmail.com'
    ),
    (
        'Noah Moura',
        '(48) 3454-8469',
        '273.340.190-40',
        'Rua Santo Inácio 127 Sala 02',
        'eu.noah@hotmail.com'
    ),
    (
        'Kamilly Duarte',
        '(47) 3141-1011',
        '545.201.530-26',
        'Rua Salema',
        'kami.duarte@gmail.com'
    ),
    (
        'Cecília Barros',
        '(49) 3306-4781',
        '354.955.480-00',
        'Rua das Violetas',
        'ciliabarross@hotmail.com'
    ),
    (
        'Bernardo Teixeira',
        '(49) 2458-0886',
        '259.943.020-82',
        'Rua A-146',
        'be.teixeira@gmail.com'
    ),
    (
        'Silvio Sanchez',
        '(47) 3915-6947',
        '364.727.070-90',
        'Rua Quintino Bocaiúva',
        'sanchez.silvio@gmail.com'
    ),
    (
        'Luana Alves',
        '(49) 3746-7154',
        '153.008.530-62',
        'Rua Antonio da Silva Martins',
        'lualvess@hotmail.com'
    ),
    (
        'Enrico da Cruz',
        '(49) 2130-8392',
        '830.929.950-82',
        'Rua das Bandeiras',
        'enricocruz@gmail.com'
    ),
    (
        'Henrique Souza',
        '(48) 3077-1264',
        '018.417.610-79',
        'Rua Djalma Nascimento',
        'riquehensouz@gmail.com'
    ),
    (
        'Renan Farias',
        '(49) 3323-9027',
        '912.828.020-20',
        'Rua Jandir Bezerra',
        'damnrenan@gmail.com'
    ),
    (
        'Cauã Silva',
        '(47) 2126-3491',
        '918.948.690-01',
        'Rua Bernardino Oliveira Bastos',
        'causilva.g@gmail.com'
    ),
    (
        'Marcos Martins',
        '(49) 2552-2307',
        '106.835.780-06',
        'Rua Governador Jerocílio Gueiros',
        'marcmart@gmail.com'
    ),
    (
        'Laura Mendes',
        '(47) 2134-8118',
        '819.573.430-87',
        'Rua Zacarias Fontan de Melo',
        'laurinhamen@hotmail.com'
    ),
    (
        'Alice Sales',
        '(47) 3410-7344',
        '395.482.880-44',
        'Rua Conde Drácula',
        'sales.alice@hotmail.com'
    ),
    (
        'Esther Souza',
        '(47) 2717-7354',
        '777.600.450-26',
        'Rua José Pereira de Lima Filho',
        'esthersouuza@gmail.com'
    ),
    (
        'Davi Luiz Nogueira',
        '(47) 2523-2668',
        '168.798.430-18',
        'Rua 09 F',
        'davilunog@yahoo.com'
    ),
    (
        'Vinicius Fernandes',
        '(49) 3063-8395',
        '968.895.920-00',
        'Rua Francisco Raposo',
        'vinifernand@hotmail.com'
    ),
    (
        'Heitor Duarte',
        '(49) 3215-2681',
        '875.862.540-28',
        'Rua Frederico Vivan',
        'heitor.duarte@gmail.com'
    ),
    (
        'Otávio Monteiro',
        '(47) 2152-5874',
        '412.727.210-43',
        'Rua Cesário Alvim',
        'taviomont@hotmail.com'
    ),
    (
        'Maria Alice Oliveira',
        '(47) 2683-1869',
        '006.362.470-23',
        'Rua Olímpio de Azevedo',
        'marialiceoliv@gmail.com'
    ),
    (
        'Maria Luiza da Cunha',
        '(48) 2386-8429',
        '034.308.900-98',
        'Rua Olegária Ferreira',
        'mari.lucunha@gmail.com'
    ),
    (
        'Kevin Gonçalves',
        '(48) 3963-7013',
        '150.367.930-64',
        'Rua Um',
        'kevingon@gmail.com'
    ),
    (
        'Olivia Melo',
        '(47) 3538-2588',
        '102.952.550-13',
        'Rua Antenor Cappato',
        'euoliviamelo@hotmai.com'
    ),
    (
        'Thales Peixoto',
        '(47) 3345-1315',
        '891.682.050-23',
        'Rua Mestre Deocleciano Rezende',
        'peixoto.thales@gmail.com'
    ),
    (
        'Rafalel Pires',
        '(49) 3748-2126',
        '551.046.850-55',
        'Rua 21',
        'rafa_piress@hotmail.com'
    ),
    (
        'Augusto Correia',
        '(49) 2376-1773',
        '613.703.640-59',
        'Rua Santa Luzia',
        'gutocorreia@hotmail.com'
    ),
    (
        'João Pedro Cardoso',
        '(49) 2042-2879',
        '440.176.220-70',
        'Rua Londres',
        'jpcardoso@gmail.com'
    ),
    (
        'Caroline Barbosa',
        '(47) 3073-3874',
        '574.270.030-04',
        'Rua Universo',
        'carol.barb@gmail.com'
    );
INSERT INTO PRATELEIRAS (
        nome_prateleira,
        localizacao_prateleira
    )
VALUES ('Prateleira Salgados', 'Corredor 1'),
    ('Prateleira Doces', 'Corredor 1'),
    ('Prateleira Frios', 'Corredor 2'),
    ('Prateleira Congelados', 'Corredor 2'),
    ('Prateleira Padaria', 'Corredor 3'),
    ('Prateleira Produtos de Limpeza', 'Corredor 4'),
    ('Prateleira Higiene', 'Corredor 4'),
    ('Prateleira Hortifruti', 'Corredor 5'),
    ('Prateleira Bebidas', 'Corredor 6'),
    ('Prateleira Produtos Infantis', 'Corredor 7'),
    ('Prateleira Animais', 'Corredor 8');
INSERT INTO PRODUTOS (
        codigo_produto,
        nome_produto,
        valor_produto,
        quantidade_produto,
        id_prateleira
    )
VALUES (1, 'Arroz', 8.9, 12, 8),
    (2, 'Azeite', 9.9, 15, 6),
    (3, 'Bolacha salgada', 2.55, 21, 6),
    (4, 'Café em capsula', 25.8, 23, 1),
    (5, 'Café em grão', 23, 13, 2),
    (6, 'Chá', 2.6, 2, 2),
    (7, 'atum', 12, 5, 4),
    (8, 'Extrato de tomate', 6.86, 10, 3),
    (9, 'Farinha de trigo', 4.5, 20, 3),
    (10, 'Feijão', 5.7, 15, 7),
    (11, 'Leite', 5.9, 55, 11),
    (12, 'Macarrão', 6, 36, 5),
    (13, 'Maionese', 6.5, 21, 4),
    (14, 'Óleo', 8.9, 12, 2),
    (15, 'Tempero pronto', 5.6, 5, 8),
    (16, 'sardinha', 4.5, 16, 10),
    (17, 'milho', 3.6, 3, 6),
    (18, 'ervilha', 4.95, 1, 1),
    (19, 'Cafe Soluvel', 4.3, 25, 1),
    (20, 'Miojo', 3.65, 30, 7),
    (21, 'Mostarda', 3.6, 24, 8),
    (22, 'Molho Barbecue ', 10.45, 2, 7),
    (23, 'Ketchup', 6.67, 6, 2),
    (24, 'Sal', 2.6, 8, 11),
    (25, 'Açucar', 5.3, 9, 5),
    (26, 'Lentilha ', 3.49, 2, 2),
    (27, 'Caldo Knorr', 5.89, 36, 9),
    (28, 'Sazon', 4.78, 32, 3),
    (29, 'Farinha de Milho', 2.43, 25, 4),
    (30, 'Farofa de Biju', 4.65, 4, 5),
    (31, 'Molho de tomate', 6.89, 6, 4),
    (32, 'Farinha Integral', 6.54, 10, 9),
    (33, 'Pipoca', 4.82, 23, 7),
    (34, 'Amendoim', 5.98, 3, 2),
    (35, 'Achocolatado', 5.89, 14, 6),
    (36, 'Cereal', 5.98, 9, 8),
    (37, 'Capuccino', 6.87, 3, 9),
    (38, 'Molho Branco', 8.6, 25, 8),
    (39, 'Frutas Secas', 5.87, 23, 8),
    (40, 'Leite condensado', 8.23, 32, 1),
    (41, 'Creme de leite', 5.89, 8, 4),
    (42, 'Mel', 12.45, 41, 9),
    (43, 'Geléia', 4.87, 13, 5),
    (44, 'Goiabada', 5.89, 12, 11),
    (45, 'Gelatina', 3.84, 32, 1),
    (46, 'Creme de Avelã', 15.9, 13, 8),
    (47, 'Batata Palha', 12.89, 23, 7),
    (48, 'Granola', 14.52, 13, 6),
    (49, 'Castanha', 6.87, 20, 4),
    (50, 'Creme de cebola', 4.87, 14, 1),
    (51, 'Sopa industrializada', 6.8, 12, 3),
    (52, 'Pudim em po', 5.87, 13, 3),
    (53, 'Cacau', 6.87, 15, 6),
    (54, 'Torrada', 5.65, 16, 9),
    (55, 'Bolacha recheada', 3.4, 17, 10),
    (56, 'Bolacha Integral', 4, 19, 9),
    (57, 'Batata palito', 13.83, 15, 4),
    (58, 'Frango', 15.9, 25, 4),
    (59, 'Hambúrguer', 4.8, 35, 2),
    (60, 'Lasanha', 9.85, 39, 4),
    (61, 'Linguiça', 13.6, 84, 6),
    (62, 'Pão de queijo', 6.82, 45, 8),
    (63, 'Petiscos', 5.5, 25, 3),
    (64, 'Pizza', 26.9, 14, 8),
    (65, 'Pratos prontos', 45.9, 17, 10),
    (66, 'Produtos para churrasco', 16.5, 13, 4),
    (67, 'Salsicha e salsichão', 7.21, 26, 1),
    (68, 'Vegetais', 14.8, 25, 2),
    (69, 'banana', 4.8, 10, 5),
    (70, 'abacate ', 5.9, 6, 8),
    (71, 'melancia', 6.3, 12, 7),
    (72, 'abacaxi', 4.9, 9, 2),
    (73, 'manga', 3.95, 14, 7),
    (74, 'mamão', 4.55, 12, 9),
    (75, 'maçã', 3.36, 13, 3),
    (76, 'batata', 5.32, 10, 10),
    (77, 'cenoura', 2.36, 6, 9),
    (78, 'tomate', 4.69, 20, 9),
    (79, 'pimentão', 5.98, 25, 8),
    (80, 'beterraba', 5.32, 23, 11),
    (81, 'pepino', 2.58, 5, 7),
    (82, 'alho', 4.87, 6, 6),
    (83, 'cebola', 6.52, 40, 4),
    (84, 'cebolinha', 5.61, 6, 1),
    (85, 'salsa', 3.21, 8, 2),
    (86, 'coentro', 5.12, 9, 9),
    (87, 'couve', 2.54, 10, 2),
    (88, 'alface', 4.87, 6, 2),
    (89, 'rúcula', 4.71, 8, 1),
    (90, 'couve-flor', 4.78, 6, 9),
    (91, 'repolho', 7.89, 9, 9),
    (92, 'batata doce', 9.85, 20, 11),
    (93, 'morango', 5.42, 9, 5),
    (94, 'limao', 6.97, 15, 3),
    (95, 'tangerina', 8.63, 15, 2),
    (96, 'laranja', 6.32, 20, 6),
    (97, 'brocolis', 4.98, 9, 8),
    (98, 'kiwi', 5.63, 10, 5),
    (99, 'chuchu', 5.84, 10, 2),
    (100, 'Apresuntado', 12.98, 10, 3),
    (101, 'Iogurtes', 8.21, 15, 8),
    (102, 'Leite fermentado', 9.87, 12, 6),
    (103, 'Manteiga', 6.84, 15, 3),
    (104, 'Margarina', 5.32, 20, 1),
    (105, 'Mortadela', 5.98, 25, 1),
    (106, 'Peito de peru', 16.98, 8, 8),
    (107, 'Presunto', 9.99, 9, 3),
    (108, 'Queijo', 45.87, 10, 2),
    (109, 'Requeijão', 15.58, 12, 8),
    (110, 'Salame', 32.96, 24, 11),
    (111, 'mussarela fatiada', 36.98, 25, 1),
    (112, 'Pudim', 21.49, 6, 4),
    (113, 'Achocolatados;', 23.96, 6, 2),
    (114, 'Água', 5.98, 9, 7),
    (115, 'Cervejas', 10.9, 10, 11),
    (116, 'Energéticos', 12.98, 10, 7),
    (117, 'Refrigerantes', 9.9, 25, 1),
    (118, 'Sucos', 6, 30, 8),
    (119, 'Vinhos', 7.9, 20, 3),
    (120, 'Vitaminas', 6.8, 12, 9),
    (121, 'Vodka', 35.9, 20, 7),
    (122, 'whisky', 45.8, 23, 11),
    (123, 'Leite', 5.9, 20, 10),
    (124, 'Biscoitos', 5.9, 10, 3),
    (125, 'Bisnaguinha', 8.9, 20, 5),
    (126, 'Broinha de milho', 4.9, 20, 6),
    (127, 'Pães de queijo', 5.8, 20, 7),
    (128, 'Pão de cachorro-quente', 4.8, 30, 7),
    (129, 'Pão de forma', 6.8, 10, 5),
    (130, 'Pão de hambúrguer', 6.9, 20, 5),
    (131, 'Pasteis', 4.5, 20, 8),
    (132, 'Coxinha', 1.99, 13, 11),
    (133, 'Enroladinho de Salsicha', 1.99, 10, 1),
    (134, 'Bolinha de queijo', 2.99, 20, 9),
    (135, 'Cuca', 5.4, 10, 10),
    (136, 'Absorvente', 5.55, 10, 11),
    (137, 'Algodão', 5.42, 10, 11),
    (138, 'Condicionador', 8.99, 30, 5),
    (139, 'Cotonete', 3.99, 20, 9),
    (140, 'Escova de dentes', 8.78, 20, 3),
    (141, 'Hidratantes', 7.78, 10, 2),
    (142, 'Lâmina de barbear', 5.98, 20, 4),
    (143, 'Papel higiênico', 12.85, 20, 1),
    (144, 'Pasta de dente', 6, 10, 8),
    (145, 'Sabonete', 3.66, 25, 8),
    (146, 'Shampoo', 12.74, 23, 3),
    (147, 'Lenço umedecido ', 46.98, 10, 7),
    (148, 'Acetona', 3.25, 15, 11),
    (149, 'Creme de pentear', 6.87, 15, 5),
    (150, 'Espuma de barbear', 13.98, 15, 11),
    (151, 'Gel para cabelo', 5.45, 10, 5),
    (152, 'Sabonete intimo ', 8.87, 30, 4),
    (153, 'Água sanitária', 8, 15, 10),
    (154, 'Alvejante', 9, 26, 8),
    (155, 'Amaciante', 19, 23, 5),
    (156, 'Desinfetante', 6, 22, 2),
    (157, 'Detergente', 3, 40, 4),
    (158, 'Escovinhas', 2, 23, 5),
    (159, 'Esponja de aço', 2, 15, 2),
    (160, 'Luvas de borracha', 20, 16, 9),
    (161, 'Pá', 7, 2, 8),
    (162, 'Pano de chão', 5, 35, 1),
    (163, 'Pano de prato', 5, 25, 7),
    (164, 'Rodo', 20, 32, 3),
    (165, 'Sabão em barra', 8, 23, 5),
    (166, 'Sabão em pó', 16, 20, 11),
    (167, 'Vassoura', 16, 18, 7),
    (168, 'Cabo de vassoura', 10.8, 19, 9),
    (169, 'Esponja de lavar louça', 6.7, 13, 6),
    (170, 'Sabao liquido', 16.78, 25, 5),
    (171, 'Detergente em Po', 16.84, 7, 8),
    (172, 'Lustra móveis', 15, 8, 3),
    (173, 'Tira manchas', 28.75, 8, 10),
    (174, 'Limpa vidros', 23.4, 8, 10),
    (175, 'Alcool', 17.97, 9, 4),
    (176, 'Saco de lixo 30l', 23.8, 15, 9),
    (177, 'Saco de lixo 50l', 26.7, 15, 6),
    (178, 'Fralda', 60, 48, 5),
    (179, 'Mamadeira', 90, 25, 9),
    (180, 'Chupeta', 20, 38, 4),
    (181, 'Leite em Po', 37.9, 30, 11),
    (182, 'Pomada para Assadura ', 40, 15, 4),
    (183, 'Bico de Mamadeira', 18.9, 45, 3),
    (184, 'Mordedor', 24, 5, 10),
    (185, 'Ração Gato', 25, 30, 10),
    (186, 'Ração cachorro', 25, 30, 11),
    (187, 'Petisco gato', 25, 20, 9),
    (188, 'Petisco cachorro', 25, 20, 5),
    (189, 'Caixa de area gato', 35, 3, 7),
    (190, 'Tapete Higienico Cachorro', 50, 6, 10),
    (191, 'Brinquedo Gato', 10, 20, 6),
    (192, 'Brinquedo Cachorro', 10, 20, 4),
    (193, 'Alpiste', 12, 10, 10),
    (194, 'Coleira ', 15.84, 5, 7),
    (195, 'Sachê gato', 3, 30, 9),
    (196, 'Sache cachorro', 3, 30, 4),
    (197, 'Antibola de pelo', 20, 3, 2),
    (198, 'Shampoo Cachorro', 17.98, 10, 6),
    (199, 'Shampoo Gato', 19.9, 10, 11),
    (200, 'Braqueador de Pelo', 16.5, 15, 11);
INSERT INTO ITENS_NFS (
        cod_itens_nf,
        sequencia_itens_nf,
        cod_produto,
        quantidade_itens_nf
    )
VALUES(1, 1, 121, 1),
    (1, 2, 114, 2),
    (1, 3, 198, 1),
    (1, 4, 90, 5),
    (1, 5, 86, 1),
    (1, 6, 37, 1),
    (1, 7, 38, 5),
    (1, 8, 116, 2),
    (1, 9, 37, 3),
    (1, 10, 107, 3),
    (1, 11, 103, 5),
    (1, 12, 13, 4),
    (1, 13, 17, 3),
    (2, 1, 58, 4),
    (2, 2, 186, 1),
    (2, 3, 79, 3),
    (2, 4, 135, 4),
    (2, 5, 168, 5),
    (2, 6, 79, 5),
    (2, 7, 164, 5),
    (2, 8, 2, 2),
    (2, 9, 80, 5),
    (3, 1, 117, 1),
    (3, 2, 96, 4),
    (3, 3, 143, 1),
    (3, 4, 111, 3),
    (3, 5, 155, 2),
    (3, 6, 68, 2),
    (3, 7, 196, 5),
    (3, 8, 6, 3),
    (3, 9, 25, 4),
    (3, 10, 56, 4),
    (3, 11, 28, 5),
    (4, 1, 92, 5),
    (4, 2, 26, 4),
    (4, 3, 31, 5),
    (4, 4, 56, 2),
    (4, 5, 94, 4),
    (4, 6, 47, 5),
    (4, 7, 77, 1),
    (4, 8, 35, 1),
    (4, 9, 23, 2),
    (4, 10, 158, 3),
    (5, 1, 58, 1),
    (5, 2, 132, 5),
    (5, 3, 145, 5),
    (5, 4, 67, 3),
    (5, 5, 52, 4),
    (5, 6, 189, 2),
    (5, 7, 165, 3),
    (5, 8, 198, 1),
    (5, 9, 53, 3),
    (5, 10, 190, 3),
    (5, 11, 110, 2),
    (5, 12, 139, 3),
    (6, 1, 117, 2),
    (6, 2, 82, 4),
    (6, 3, 16, 5),
    (6, 4, 60, 4),
    (6, 5, 62, 2),
    (6, 6, 101, 7),
    (6, 7, 141, 9),
    (7, 1, 161, 4),
    (7, 2, 23, 2),
    (7, 3, 102, 1),
    (7, 4, 151, 1),
    (7, 5, 85, 4),
    (7, 6, 33, 4),
    (7, 7, 102, 4),
    (7, 8, 112, 5),
    (7, 9, 17, 1),
    (7, 10, 200, 1),
    (7, 11, 22, 2),
    (7, 12, 152, 4),
    (7, 13, 9, 2),
    (7, 14, 15, 5),
    (7, 15, 88, 2),
    (8, 1, 126, 4),
    (8, 2, 118, 3),
    (8, 3, 121, 2),
    (8, 4, 168, 3),
    (8, 5, 100, 5),
    (8, 6, 149, 1),
    (8, 7, 117, 1),
    (8, 8, 126, 1),
    (8, 9, 141, 2),
    (8, 10, 160, 4),
    (8, 11, 138, 2),
    (9, 1, 175, 1),
    (9, 2, 149, 1),
    (9, 3, 121, 1),
    (9, 4, 19, 2),
    (9, 5, 100, 1),
    (9, 6, 178, 5),
    (9, 7, 127, 5),
    (9, 8, 119, 2),
    (9, 9, 113, 5),
    (9, 10, 1, 5),
    (9, 11, 30, 4),
    (9, 12, 68, 3),
    (9, 13, 127, 4),
    (9, 14, 36, 3),
    (10, 1, 192, 1),
    (10, 2, 143, 5),
    (10, 3, 9, 1),
    (10, 4, 73, 2),
    (10, 5, 189, 5),
    (10, 6, 135, 5),
    (10, 7, 69, 4),
    (10, 8, 108, 1),
    (10, 9, 35, 2),
    (10, 10, 166, 3),
    (10, 11, 127, 5),
    (10, 12, 142, 1),
    (10, 13, 45, 5),
    (10, 14, 109, 3),
    (11, 1, 139, 1),
    (11, 2, 97, 2),
    (11, 3, 74, 2),
    (11, 4, 11, 3),
    (11, 5, 49, 4),
    (11, 6, 127, 3),
    (11, 7, 178, 5),
    (11, 8, 83, 3),
    (11, 9, 117, 2),
    (11, 10, 133, 1),
    (11, 11, 71, 4),
    (11, 12, 15, 4),
    (11, 13, 160, 2),
    (12, 1, 52, 5),
    (12, 2, 92, 3),
    (12, 3, 157, 4),
    (12, 4, 116, 3),
    (12, 5, 166, 2),
    (12, 6, 42, 3),
    (12, 7, 42, 2),
    (12, 8, 189, 3),
    (12, 9, 57, 4),
    (13, 1, 125, 1),
    (13, 2, 185, 5),
    (13, 3, 93, 1),
    (13, 4, 168, 4),
    (13, 5, 142, 5),
    (13, 6, 9, 2),
    (13, 7, 6, 1),
    (13, 8, 119, 4),
    (13, 9, 13, 5),
    (13, 10, 198, 1),
    (13, 11, 11, 5),
    (14, 1, 196, 4),
    (14, 2, 49, 2),
    (14, 3, 113, 4),
    (14, 4, 48, 5),
    (14, 5, 149, 5),
    (14, 6, 5, 4),
    (14, 7, 39, 2),
    (14, 8, 82, 1),
    (14, 9, 41, 3),
    (14, 10, 126, 3),
    (15, 1, 95, 1),
    (15, 2, 136, 5),
    (15, 3, 149, 4),
    (15, 4, 144, 1),
    (15, 5, 84, 5),
    (15, 6, 30, 2),
    (15, 7, 127, 2),
    (15, 8, 56, 4),
    (15, 9, 55, 1),
    (15, 10, 31, 3),
    (15, 11, 101, 2),
    (15, 12, 125, 4),
    (16, 1, 159, 2),
    (16, 2, 138, 4),
    (16, 3, 79, 2),
    (16, 4, 97, 3),
    (16, 5, 75, 3),
    (16, 6, 111, 5),
    (16, 7, 31, 4),
    (17, 1, 6, 3),
    (17, 2, 164, 3),
    (17, 3, 163, 1),
    (17, 4, 174, 4),
    (17, 5, 107, 1),
    (17, 6, 76, 3),
    (17, 7, 123, 2),
    (17, 8, 170, 1),
    (17, 9, 168, 1),
    (17, 10, 57, 2),
    (17, 11, 101, 4),
    (17, 12, 125, 4),
    (17, 13, 140, 5),
    (17, 14, 30, 3),
    (17, 15, 122, 2),
    (18, 1, 147, 3),
    (18, 2, 176, 4),
    (18, 3, 98, 2),
    (18, 4, 99, 4),
    (18, 5, 195, 1),
    (18, 6, 94, 2),
    (18, 7, 47, 1),
    (18, 8, 77, 1),
    (18, 9, 35, 3),
    (18, 10, 23, 2),
    (18, 11, 158, 1),
    (19, 1, 58, 5),
    (19, 2, 132, 1),
    (19, 3, 145, 1),
    (19, 4, 67, 5),
    (19, 5, 52, 2),
    (19, 6, 189, 3),
    (19, 7, 165, 3),
    (19, 8, 198, 5),
    (19, 9, 53, 4),
    (19, 10, 190, 3),
    (19, 11, 110, 4),
    (19, 12, 139, 1),
    (19, 13, 117, 3),
    (19, 14, 82, 4),
    (20, 1, 16, 5),
    (20, 2, 60, 5),
    (20, 3, 62, 5),
    (20, 4, 101, 2),
    (20, 5, 141, 5),
    (20, 6, 161, 1),
    (20, 7, 23, 4),
    (20, 8, 102, 1),
    (20, 9, 151, 3),
    (20, 10, 85, 2),
    (20, 11, 33, 2),
    (20, 12, 102, 5),
    (20, 13, 112, 3),
    (20, 14, 17, 4),
    (21, 1, 200, 4),
    (21, 2, 22, 5),
    (21, 3, 152, 5),
    (21, 4, 9, 4),
    (21, 5, 15, 5),
    (21, 6, 88, 2),
    (21, 7, 126, 4),
    (21, 8, 118, 5),
    (21, 9, 121, 1),
    (21, 10, 168, 1),
    (21, 11, 100, 2),
    (21, 12, 149, 3),
    (21, 13, 117, 1),
    (22, 1, 126, 5),
    (22, 2, 141, 5),
    (22, 3, 160, 3),
    (22, 4, 138, 4),
    (22, 5, 175, 2),
    (22, 6, 149, 3),
    (22, 7, 121, 1),
    (22, 8, 19, 3),
    (22, 9, 100, 3),
    (23, 1, 178, 2),
    (23, 2, 127, 3),
    (23, 3, 119, 2),
    (23, 4, 113, 4),
    (23, 5, 1, 5),
    (23, 6, 30, 4),
    (23, 7, 68, 2),
    (23, 8, 127, 7),
    (23, 9, 36, 9),
    (23, 10, 192, 4),
    (23, 11, 143, 2),
    (24, 1, 9, 1),
    (24, 2, 73, 1),
    (24, 3, 189, 4),
    (24, 4, 135, 4),
    (24, 5, 69, 4),
    (24, 6, 108, 5),
    (24, 7, 35, 1),
    (24, 8, 166, 1),
    (24, 9, 127, 2),
    (24, 10, 142, 4),
    (25, 1, 45, 2),
    (25, 2, 109, 5),
    (25, 3, 139, 2),
    (25, 4, 97, 4),
    (25, 5, 74, 3),
    (25, 6, 11, 2),
    (25, 7, 49, 3),
    (25, 8, 127, 5),
    (25, 9, 178, 1),
    (25, 10, 83, 1),
    (25, 11, 117, 1),
    (25, 12, 133, 2),
    (26, 1, 71, 4),
    (26, 2, 15, 2),
    (26, 3, 160, 1),
    (26, 4, 52, 1),
    (26, 5, 92, 1),
    (26, 6, 157, 2),
    (26, 7, 116, 1),
    (27, 1, 166, 5),
    (27, 2, 42, 5),
    (27, 3, 42, 2),
    (27, 4, 189, 5),
    (27, 5, 57, 5),
    (27, 6, 125, 4),
    (27, 7, 185, 3),
    (27, 8, 93, 4),
    (27, 9, 168, 3),
    (27, 10, 142, 1),
    (27, 11, 9, 5),
    (27, 12, 6, 1),
    (27, 13, 119, 2),
    (27, 14, 13, 5),
    (27, 15, 198, 5),
    (28, 1, 11, 4),
    (28, 2, 196, 1),
    (28, 3, 49, 2),
    (28, 4, 113, 3),
    (28, 5, 48, 5),
    (28, 6, 149, 1),
    (28, 7, 5, 5),
    (28, 8, 39, 3),
    (28, 9, 82, 1),
    (28, 10, 41, 2),
    (28, 11, 126, 2),
    (29, 1, 95, 3),
    (29, 2, 136, 4),
    (29, 3, 149, 3),
    (29, 4, 144, 5),
    (29, 5, 117, 3),
    (29, 6, 133, 2),
    (29, 7, 71, 1),
    (29, 8, 15, 4),
    (29, 9, 160, 4),
    (29, 10, 52, 2),
    (29, 11, 92, 5),
    (29, 12, 157, 3),
    (29, 13, 116, 4),
    (29, 14, 166, 3),
    (30, 1, 42, 2),
    (30, 2, 42, 3),
    (30, 3, 189, 2),
    (30, 4, 57, 3),
    (30, 5, 125, 4),
    (30, 6, 185, 1),
    (30, 7, 93, 5),
    (30, 8, 168, 1),
    (30, 9, 142, 4),
    (30, 10, 9, 5),
    (30, 11, 6, 2),
    (30, 12, 119, 1),
    (30, 13, 13, 4),
    (30, 14, 198, 5);
UPDATE ITENS_NFS
SET valor_produto = (
        SELECT PRODUTOS.valor_produto
        FROM PRODUTOS
        WHERE PRODUTOS.codigo_produto = ITENS_NFS.cod_produto
    );
UPDATE ITENS_NFS
SET valor_total_produto = (valor_produto * quantidade_itens_nf);
INSERT INTO NOTAS_FISCAIS (
        nota_fiscal,
        cod_itens_nf,
        id_cliente,
        data_emissao_nf,
        id_atendente
    )
VALUES (1559, 1, 56, '2021-01-01', 2),
    (1781, 2, 4, '2021-01-01', 5),
    (2998, 3, 3, '2021-01-01', 10),
    (6706, 4, 15, '2021-02-03', 2),
    (6805, 5, 58, '2021-03-05', 1),
    (6850, 6, 4, '2021-03-11', 8),
    (6090, 7, 63, '2021-03-14', 7),
    (3469, 8, 7, '2021-03-14', 2),
    (8430, 9, 18, '2021-03-14', 3),
    (1900, 10, 22, '2021-03-15', 1),
    (1022, 11, 62, '2021-04-17', 4),
    (1292, 12, 78, '2021-04-17', 5),
    (2739, 13, 81, '2021-04-18', 6),
    (3721, 14, 35, '2021-04-18', 7),
    (5471, 15, 100, '2021-05-18', 1),
    (5702, 16, 98, '2021-06-18', 8),
    (9942, 17, 85, '2021-06-18', 2),
    (7336, 18, 73, '2021-07-19', 5),
    (4156, 19, 74, '2021-07-20', 9),
    (9753, 20, 72, '2022-07-20', 1),
    (6939, 21, 66, '2022-08-23', 9),
    (2408, 22, 62, '2022-09-24', 10),
    (7546, 23, 23, '2022-10-25', 9),
    (8969, 24, 15, '2022-10-25', 8),
    (9015, 25, 75, '2022-10-28', 7),
    (2533, 26, 64, '2022-11-28', 1),
    (7954, 27, 25, '2022-11-28', 6),
    (3603, 28, 16, '2022-12-29', 4),
    (6471, 29, 11, '2022-12-30', 3),
    (7002, 30, 30, '2022-12-30', 3);
UPDATE NOTAS_FISCAIS
SET valor_total_nf = (
        SELECT sum(ITENS_NFS.valor_total_produto)
        FROM ITENS_NFS
        WHERE ITENS_NFS.cod_itens_nf = NOTAS_FISCAIS.cod_itens_nf
    );